accountId,firstName,lastName,age,createdAt,updatedAt
05554e0f-7984-4181-8be6-6398d2606100,Odette,Traore,41,2025-03-13 10:36:55.423724,2025-03-13 10:36:55.423740
664a3e35-b211-4b73-9e46-8d6835ab8b5f,Aimée,Lemonnier,24,2025-03-13 10:36:55.423831,2025-03-13 10:36:55.423833
a9c9453e-5e6f-48f8-9646-f800e35661d5,Matthieu,Leduc,28,2025-03-13 10:36:55.423847,2025-03-13 10:36:55.423848
f80f7950-513e-4a2d-ba7b-ed7513c03469,Noël,Lenoir,26,2025-03-13 10:36:55.423860,2025-03-13 10:36:55.423861
11ae6211-bfa6-4c3a-8efc-02df6173e93a,Simone,Martel,40,2025-03-13 10:36:55.423874,2025-03-13 10:36:55.423874
7b6dfbc4-a05d-4555-94e7-7179e1451e0b,Claudine,Faure,46,2025-03-13 10:36:55.423888,2025-03-13 10:36:55.423888
dc79c5a2-8f59-4155-a515-f1041e20c863,Roland,Fischer,48,2025-03-13 10:36:55.423900,2025-03-13 10:36:55.423901
4c1e6767-7455-4f9f-8d71-bc3776ca1769,Édouard,Pereira,55,2025-03-13 10:36:55.423914,2025-03-13 10:36:55.423915
6791a9a8-4907-4daa-972b-72f91f6fe5dd,Constance,Lecomte,35,2025-03-13 10:36:55.423929,2025-03-13 10:36:55.423930
80ff455f-39d9-4dcc-9e57-636eb189a523,Jeanne,Camus,20,2025-03-13 10:36:55.423944,2025-03-13 10:36:55.423946
fbf44bec-240b-4b94-9a8a-77fa4e3ec0a4,Victor,Pages,36,2025-03-13 10:36:55.423958,2025-03-13 10:36:55.423959
b36246f0-5b6c-45f0-8895-65dcc0a44daa,Susanne,Grenier,26,2025-03-13 10:36:55.423972,2025-03-13 10:36:55.423972
1b6b3593-8a78-4012-8047-05e61095e2c7,Emmanuel,Barthelemy,25,2025-03-13 10:36:55.423985,2025-03-13 10:36:55.423986
568092ba-4787-4c34-b27b-9736e14b2f4c,Maggie,Robert,28,2025-03-13 10:36:55.424000,2025-03-13 10:36:55.424001
f36ba0fb-155b-4f1a-8c94-e7e4391a908c,Aimé,Muller,39,2025-03-13 10:36:55.424013,2025-03-13 10:36:55.424014
6d6448e4-f7e2-49b4-a415-ed66d79e0078,Renée,Dupuis,31,2025-03-13 10:36:55.424027,2025-03-13 10:36:55.424028
11cff1bb-c0b3-442f-b48a-b3725510f222,Robert,Chartier,49,2025-03-13 10:36:55.424042,2025-03-13 10:36:55.424043
6710c8c8-f6d0-41a4-af49-97cccbd8314d,Édouard,Jourdan,18,2025-03-13 10:36:55.424056,2025-03-13 10:36:55.424057
a80c91d9-9e6b-4bc5-9c76-1baee831789a,Catherine,Ferreira,22,2025-03-13 10:36:55.424072,2025-03-13 10:36:55.424073
6eb76f97-d7f1-4288-bb40-fd1bf96b7e50,Tristan,Lacroix,41,2025-03-13 10:36:55.424087,2025-03-13 10:36:55.424089
f9a5ad1c-e6c5-4629-8bce-0b25a30d9301,Antoine,Maillot,24,2025-03-13 10:36:55.424104,2025-03-13 10:36:55.424105
698bcb2b-42ec-4a9e-9a33-0349b71880ef,Grégoire,Nguyen,40,2025-03-13 10:36:55.424120,2025-03-13 10:36:55.424121
4773949f-252e-4737-a372-7948e036afe3,Bernard,Pages,49,2025-03-13 10:36:55.424134,2025-03-13 10:36:55.424135
b9d222df-7e70-4713-bd16-4a783fd022f8,Nicolas,Menard,20,2025-03-13 10:36:55.424147,2025-03-13 10:36:55.424148
843149fb-437f-45e1-b45b-1e595a42c5d3,Lorraine,Philippe,35,2025-03-13 10:36:55.424162,2025-03-13 10:36:55.424164
224b9d69-5e14-426a-a2c1-691b638112f5,Joseph,Dumas,38,2025-03-13 10:36:55.424178,2025-03-13 10:36:55.424180
e847fbf8-0ea6-4c01-95dd-a14a16d5354b,Claire,Rey,55,2025-03-13 10:36:55.424195,2025-03-13 10:36:55.424196
c1ce03d2-5a7a-445d-b296-54ce1bd9d031,Nathalie,Ribeiro,26,2025-03-13 10:36:55.424211,2025-03-13 10:36:55.424212
2ee13e2f-bb12-4c18-92a6-fd45adf20fad,Thibaut,Pinto,41,2025-03-13 10:36:55.424229,2025-03-13 10:36:55.424230
ea654d69-e944-4ba8-bfeb-abb4452e610e,Constance,Gaillard,52,2025-03-13 10:36:55.424244,2025-03-13 10:36:55.424245
0bf845ad-e1e3-4e11-af93-6d5de55f585b,Sylvie,Faure,39,2025-03-13 10:36:55.424259,2025-03-13 10:36:55.424260
bf2f2981-8724-4ec2-af42-6e528ad189ae,Noël,Chevallier,26,2025-03-13 10:36:55.424281,2025-03-13 10:36:55.424284
2f9a26f3-757b-48e4-a6de-c08e9506e93b,Brigitte,Da Costa,36,2025-03-13 10:36:55.424310,2025-03-13 10:36:55.424314
ed2ffd23-26cc-46db-940f-c910c2b6b639,Marie,Seguin,36,2025-03-13 10:36:55.424609,2025-03-13 10:36:55.424615
9fbcd18a-9a4f-4771-8bd0-9cae835e4ab9,Zoé,Noël,38,2025-03-13 10:36:55.424664,2025-03-13 10:36:55.424667
8516b834-e336-45f7-9c78-d5e70c8a2f6a,Joséphine,Blin,31,2025-03-13 10:36:55.424681,2025-03-13 10:36:55.424682
e3375eed-b3b7-4743-b98b-aad1e3395657,Jeannine,Dos Santos,34,2025-03-13 10:36:55.424693,2025-03-13 10:36:55.424694
66f5d941-3fdb-477c-a900-14320c8c1a4b,Suzanne,Alves,40,2025-03-13 10:36:55.424705,2025-03-13 10:36:55.424706
b67a60dd-43ba-4bd3-938b-9029463fb083,Matthieu,Gilles,18,2025-03-13 10:36:55.424717,2025-03-13 10:36:55.424718
5bc771fe-2a0c-4927-8c46-a13aacbda073,Marine,Blondel,21,2025-03-13 10:36:55.424729,2025-03-13 10:36:55.424730
c0044b17-a311-4e28-b754-be2518769526,Michelle,Hubert,49,2025-03-13 10:36:55.424741,2025-03-13 10:36:55.424741
60264c3a-f91f-4d1b-9401-565a00e534ed,Georges,Petit,47,2025-03-13 10:36:55.424752,2025-03-13 10:36:55.424753
3145e613-4e2f-4d98-95ae-53b2c71724ed,Paulette,Roche,38,2025-03-13 10:36:55.424764,2025-03-13 10:36:55.424764
cf01ccc3-5c41-432b-9b90-80d405cc6341,Christelle,Morel,18,2025-03-13 10:36:55.424775,2025-03-13 10:36:55.424776
ea38d16f-c63b-4e14-81aa-01d7e865c6fe,Sabine,Gay,44,2025-03-13 10:36:55.424786,2025-03-13 10:36:55.424786
8292d21d-046e-4cc0-8605-80f7039652ac,Xavier,Arnaud,51,2025-03-13 10:36:55.424798,2025-03-13 10:36:55.424798
51e3d14f-a92e-47c9-bbd4-daef24978be4,Philippine,Toussaint,52,2025-03-13 10:36:55.424809,2025-03-13 10:36:55.424810
a258d9af-904d-48ef-a6f1-7c2bdca2070b,Yves,Dupuis,30,2025-03-13 10:36:55.424820,2025-03-13 10:36:55.424821
1054d652-c568-40b8-bb20-86cd64505509,Nathalie,Andre,36,2025-03-13 10:36:55.424831,2025-03-13 10:36:55.424831
99f6f8dd-06d8-4711-a57d-ad939bf7873b,Philippe,Wagner,31,2025-03-13 10:36:55.424842,2025-03-13 10:36:55.424842
22507f43-068b-49b5-8735-12b26e3bc04a,Marie,Paris,24,2025-03-13 10:36:55.424853,2025-03-13 10:36:55.424854
7c60e9aa-f2e1-49d4-83e0-f7701fbf482e,Valérie,Pires,41,2025-03-13 10:36:55.424864,2025-03-13 10:36:55.424865
0a568ad3-1994-44e0-b458-af1284cc501d,Marianne,Maury,26,2025-03-13 10:36:55.424875,2025-03-13 10:36:55.424876
7abd8f13-d52b-40fe-bb9c-63eca3b53801,Thibault,Schneider,30,2025-03-13 10:36:55.424886,2025-03-13 10:36:55.424887
02690884-f16e-4b18-abb8-2139b20ac768,Rémy,Rolland,23,2025-03-13 10:36:55.424897,2025-03-13 10:36:55.424898
214a107f-e1ee-4424-823d-60c506c12188,Thierry,Diallo,38,2025-03-13 10:36:55.424908,2025-03-13 10:36:55.424909
0e9a4e03-1760-471a-9d4a-c141fc3383d8,Victoire,Weiss,50,2025-03-13 10:36:55.424919,2025-03-13 10:36:55.424920
1b28afa9-4b52-4688-9f13-0539161d351a,Léon,Camus,47,2025-03-13 10:36:55.424931,2025-03-13 10:36:55.424932
d7b0b659-6e48-4a6c-a6cb-90236b2096ad,Joséphine,Allain,53,2025-03-13 10:36:55.424942,2025-03-13 10:36:55.424943
5d91bac7-e226-4750-ba91-df9d5535a62d,Hélène,Marty,27,2025-03-13 10:36:55.424954,2025-03-13 10:36:55.424954
a395e786-ce68-41ca-a826-83c7f6fb0b66,Émile,Carre,38,2025-03-13 10:36:55.424965,2025-03-13 10:36:55.424966
0550c7b2-d3a1-405e-b74b-5f737ff901a4,Sophie,Aubert,40,2025-03-13 10:36:55.424976,2025-03-13 10:36:55.424977
7f21632f-2a1c-47db-993e-7eb585c5e2e1,Françoise,Gautier,37,2025-03-13 10:36:55.424987,2025-03-13 10:36:55.424988
014256d7-f96c-4f63-bc90-917f6b462dfc,Théodore,Vallée,37,2025-03-13 10:36:55.424999,2025-03-13 10:36:55.425000
ca41fcad-d7e7-48e0-b182-66bd990011c4,Éric,Baudry,46,2025-03-13 10:36:55.425055,2025-03-13 10:36:55.425059
dc2061df-d9a9-46e0-92c7-1220a6e1c1e8,Astrid,Renaud,25,2025-03-13 10:36:55.425079,2025-03-13 10:36:55.425080
db83c5a9-04c8-4bd4-9bb1-7c702cdd153d,Nicole,Fontaine,36,2025-03-13 10:36:55.425092,2025-03-13 10:36:55.425093
99e23784-ca32-4ae9-8b11-efe068e0435c,Emmanuelle,Hoarau,19,2025-03-13 10:36:55.425105,2025-03-13 10:36:55.425106
31bac810-bd64-4c70-bc38-8eec60a0d160,François,Andre,33,2025-03-13 10:36:55.425117,2025-03-13 10:36:55.425118
d245f636-ea90-4b41-b794-48a087afd799,Véronique,Grenier,23,2025-03-13 10:36:55.425129,2025-03-13 10:36:55.425129
549a6b52-61d5-40b3-8c05-5749110ef923,Stéphane,Bernier,46,2025-03-13 10:36:55.425140,2025-03-13 10:36:55.425141
49881092-6ca1-49c7-8bd6-995f863c5f0f,Élodie,Besson,50,2025-03-13 10:36:55.425152,2025-03-13 10:36:55.425152
b72afb6e-5a9f-4376-8ad0-0a2e2a3c2a92,Émile,Guyon,28,2025-03-13 10:36:55.425166,2025-03-13 10:36:55.425166
338236ee-d555-4dc6-a285-929661faf34d,Constance,Nicolas,39,2025-03-13 10:36:55.425178,2025-03-13 10:36:55.425178
74909ec6-10bd-43a1-ae14-d540a6bd148e,Claudine,Martinez,19,2025-03-13 10:36:55.425189,2025-03-13 10:36:55.425190
92130d4b-d3bf-4217-91c8-1646ece18d66,Robert,Jacob,38,2025-03-13 10:36:55.425201,2025-03-13 10:36:55.425202
26a56d98-b7c2-4766-900f-0ab6627fed4d,Roger,Barbier,21,2025-03-13 10:36:55.425213,2025-03-13 10:36:55.425213
4e8324fb-508a-43e3-ab3a-40c7a37b2738,Laetitia,Carlier,31,2025-03-13 10:36:55.425229,2025-03-13 10:36:55.425230
d9594ac4-b2cd-4ade-9ea2-7bea2d08ca10,Gilbert,Dupré,18,2025-03-13 10:36:55.425243,2025-03-13 10:36:55.425244
6b2a91f5-0655-4000-b7d5-05f0d628f403,Noémi,Da Silva,36,2025-03-13 10:36:55.425257,2025-03-13 10:36:55.425258
4070c9ff-4daa-4d48-bbcb-3be69cd32a54,Franck,Bertin,52,2025-03-13 10:36:55.425271,2025-03-13 10:36:55.425272
c43e28cf-38ca-4e74-b404-c30347edb5a3,Yves,Moreno,31,2025-03-13 10:36:55.425284,2025-03-13 10:36:55.425285
fb66066b-6537-458b-a322-8bf92afd00b0,Margaud,Lemoine,46,2025-03-13 10:36:55.425297,2025-03-13 10:36:55.425297
4fb210d0-deec-4beb-8d32-b59ed85e4003,Bernard,Becker,33,2025-03-13 10:36:55.425310,2025-03-13 10:36:55.425311
3c3995a9-d5cd-4c41-a0eb-068f48bff720,Capucine,Lévêque,37,2025-03-13 10:36:55.425325,2025-03-13 10:36:55.425326
3c6daa52-4bcb-495a-b9a3-9d98f9a53534,Marcelle,Masson,27,2025-03-13 10:36:55.425340,2025-03-13 10:36:55.425342
5dfaeadc-8512-44fa-8721-1a9385c815b2,Adèle,Mary,27,2025-03-13 10:36:55.425354,2025-03-13 10:36:55.425355
088f671e-ef9a-45ec-8307-582c7515c629,Odette,Barre,49,2025-03-13 10:36:55.425367,2025-03-13 10:36:55.425368
05df1201-12ab-46b4-a199-f393ce94b0cb,Henri,Delahaye,25,2025-03-13 10:36:55.425380,2025-03-13 10:36:55.425382
d38dd690-8b26-4a69-bcf1-0fc38875ede5,Gabriel,Pruvost,53,2025-03-13 10:36:55.425394,2025-03-13 10:36:55.425395
a9859182-1562-4b18-819f-3d7be3c14493,Hugues,Salmon,26,2025-03-13 10:36:55.425407,2025-03-13 10:36:55.425408
5be16b31-7f60-4646-b16d-71605f4bf0b4,Simone,Besson,34,2025-03-13 10:36:55.425421,2025-03-13 10:36:55.425422
f77f14ba-45a3-4fa0-83c1-bcbfe97addf3,Suzanne,Marchal,43,2025-03-13 10:36:55.425435,2025-03-13 10:36:55.425436
65b0821e-0a7f-414b-bee1-b421ba6019eb,Denis,Perrin,54,2025-03-13 10:36:55.425450,2025-03-13 10:36:55.425451
db17cff6-2d54-4613-a78c-b0100c1e48ad,Guy,Baron,53,2025-03-13 10:36:55.425465,2025-03-13 10:36:55.425466
ce328c49-d44f-41b0-bc02-10bc91b303d8,Susanne,Gay,40,2025-03-13 10:36:55.425480,2025-03-13 10:36:55.425480
2363ec1b-95ab-41fb-94fe-95af20591f4c,Olivie,Poulain,39,2025-03-13 10:36:55.425496,2025-03-13 10:36:55.425497
99622492-7269-41a4-b550-016ad49e77bf,Marie,Thibault,37,2025-03-13 10:36:55.425511,2025-03-13 10:36:55.425512
af148089-e9ac-44b5-99a9-5abd9f8a1b2e,Nicolas,Cousin,29,2025-03-13 10:36:55.425525,2025-03-13 10:36:55.425526
35bad21f-bc6d-4cbd-b920-fedf853a334e,Pauline,Bertrand,55,2025-03-13 10:36:55.425540,2025-03-13 10:36:55.425540
51013a96-1f6f-452d-a525-74a8509b7032,Franck,Chauvin,29,2025-03-13 10:36:55.425557,2025-03-13 10:36:55.425558
3fc72c5a-7907-4d6f-a7e1-53efa3387068,Robert,Gimenez,22,2025-03-13 10:36:55.425571,2025-03-13 10:36:55.425572
374179a6-5af9-464f-84d7-fc15b7ce7967,Martin,Legros,49,2025-03-13 10:36:55.425585,2025-03-13 10:36:55.425586
34adabe5-1390-41c4-9fae-5a00711b821a,Andrée,Hardy,41,2025-03-13 10:36:55.425599,2025-03-13 10:36:55.425600
c67b0ccc-a3aa-453e-b031-e4a7979ae028,Madeleine,Muller,23,2025-03-13 10:36:55.425613,2025-03-13 10:36:55.425614
df30149d-60aa-47d9-9ee1-590ab67ca360,Auguste,Pelletier,40,2025-03-13 10:36:55.425627,2025-03-13 10:36:55.425628
0e26de21-ca9f-43e3-a67a-77a683cf2bc3,Robert,Jean,44,2025-03-13 10:36:55.425640,2025-03-13 10:36:55.425641
7a572ef0-b7c8-4700-9827-168d1aeee4e2,Alphonse,Lebrun,22,2025-03-13 10:36:55.425653,2025-03-13 10:36:55.425654
9a50b48e-e8a3-4c76-9c23-41b4d77ec209,Paul,Valentin,42,2025-03-13 10:36:55.425668,2025-03-13 10:36:55.425669
11ccb083-6754-4c33-8345-5eb31b478960,Marie,Rémy,31,2025-03-13 10:36:55.425686,2025-03-13 10:36:55.425688
70d15c1e-ab14-46c8-9110-8d0da1cd6ab3,Corinne,Durand,55,2025-03-13 10:36:55.425701,2025-03-13 10:36:55.425702
b1f879f1-1909-4732-b6b1-a997aef2a7dc,Hortense,Jean,34,2025-03-13 10:36:55.425716,2025-03-13 10:36:55.425717
eb59e273-ce3a-4630-bbae-1bac08297b59,Franck,Lambert,37,2025-03-13 10:36:55.425731,2025-03-13 10:36:55.425732
ea738673-ff5e-4063-8dc6-59e4211fe269,Arthur,Rolland,51,2025-03-13 10:36:55.425746,2025-03-13 10:36:55.425747
03d2b2b3-e4f2-4fe0-9a53-b87e05497e31,Sylvie,Thierry,45,2025-03-13 10:36:55.425762,2025-03-13 10:36:55.425763
d9fce128-ddc9-4668-ac33-b19390eaa59e,Jérôme,Vasseur,50,2025-03-13 10:36:55.425778,2025-03-13 10:36:55.425780
4bde9ea2-3688-4a38-b288-e83ca6c69489,Éric,Goncalves,32,2025-03-13 10:36:55.425794,2025-03-13 10:36:55.425795
759ef3f1-cfae-437a-94b9-5bfe50cf419e,Denise,Berthelot,34,2025-03-13 10:36:55.425811,2025-03-13 10:36:55.425812
88b3b776-f8b1-4f15-8f3f-f79d1e25e3f1,Émilie,Laporte,50,2025-03-13 10:36:55.425881,2025-03-13 10:36:55.425885
9d04b27b-4b60-4f12-b41b-ad515a97a28e,Nicolas,Marchal,43,2025-03-13 10:36:55.425909,2025-03-13 10:36:55.425910
20f5ab36-418f-4632-9284-172ada8fcb6f,Chantal,Techer,39,2025-03-13 10:36:55.425921,2025-03-13 10:36:55.425922
5047b2cf-5e9e-4797-8536-c49bc98a9aca,Hélène,Paul,51,2025-03-13 10:36:55.425989,2025-03-13 10:36:55.425994
923ac8fe-e8a2-42e6-98a9-1f434ebe39ae,Gilles,Lucas,44,2025-03-13 10:36:55.426064,2025-03-13 10:36:55.426067
83dafb84-6c5d-4bad-82e3-c9ea07ecdf1c,Colette,Bouvet,50,2025-03-13 10:36:55.426094,2025-03-13 10:36:55.426095
1d0aa555-8f0d-4742-aecf-e2eea8f046e6,Guy,Chrétien,45,2025-03-13 10:36:55.426107,2025-03-13 10:36:55.426108
4f98e74e-92c1-41ec-af61-46ca2bf12aa1,Emmanuel,Renault,32,2025-03-13 10:36:55.426120,2025-03-13 10:36:55.426121
f70af185-c0b1-45dd-91ef-c9e92ab6f64c,Thérèse,De Sousa,29,2025-03-13 10:36:55.426133,2025-03-13 10:36:55.426133
ee171cca-a5e4-49fc-9656-32a7fd610bbe,Victoire,Loiseau,23,2025-03-13 10:36:55.426144,2025-03-13 10:36:55.426145
3770b230-d575-4dec-b404-072bccde9042,Gérard,Jourdan,42,2025-03-13 10:36:55.426156,2025-03-13 10:36:55.426156
ed79a567-150e-465c-bdb8-9bb9883940cb,Denis,Joseph,27,2025-03-13 10:36:55.426185,2025-03-13 10:36:55.426187
4104dc02-77af-4180-9a4b-06d8dd424a75,Gérard,Reynaud,46,2025-03-13 10:36:55.426209,2025-03-13 10:36:55.426211
563d0277-0f96-4089-82ee-4ccdbd00c962,Charlotte,Laine,51,2025-03-13 10:36:55.426256,2025-03-13 10:36:55.426260
d40abdcc-ba8f-4ddf-ad5e-9e46f491745c,Margaret,Laroche,23,2025-03-13 10:36:55.426292,2025-03-13 10:36:55.426294
d7348d26-de2d-44d8-b2f3-e8f56e4a4ef2,Suzanne,Rolland,24,2025-03-13 10:36:55.426314,2025-03-13 10:36:55.426316
a46f585f-72a4-4cf8-8b34-501ab2bdc4b7,Jules,Poulain,29,2025-03-13 10:36:55.426336,2025-03-13 10:36:55.426337
70941f14-6c7f-4d9d-871c-78ab22e04f1d,Maryse,Blanc,19,2025-03-13 10:36:55.426356,2025-03-13 10:36:55.426357
f2131aa3-8335-48f3-b66b-148c5c7cdd92,Danielle,Neveu,51,2025-03-13 10:36:55.426375,2025-03-13 10:36:55.426376
9c9ee93b-3468-4baf-b5da-d5317b33db2a,Maggie,Thibault,39,2025-03-13 10:36:55.426396,2025-03-13 10:36:55.426397
59610abd-0547-4a3a-9392-0bc15bbe3b3e,Lucas,Georges,39,2025-03-13 10:36:55.426416,2025-03-13 10:36:55.426418
0f551b1f-3c18-4559-b3d9-77fe8ea38169,Christophe,Bonneau,51,2025-03-13 10:36:55.426436,2025-03-13 10:36:55.426437
6c04c65a-dd26-453e-a44d-ce43450e2cf7,Alphonse,Monnier,54,2025-03-13 10:36:55.426487,2025-03-13 10:36:55.426491
6d13e974-321c-47f2-9a4d-9849fbe6f8b6,Françoise,Baron,46,2025-03-13 10:36:55.426522,2025-03-13 10:36:55.426524
fa4f3d90-b27e-4ad2-9937-94edbbb2faa1,Thérèse,Marion,21,2025-03-13 10:36:55.426544,2025-03-13 10:36:55.426545
fc722b4c-e0e0-4d57-bb60-1bc7fa514b59,Margaret,François,33,2025-03-13 10:36:55.426563,2025-03-13 10:36:55.426564
5c12d2f5-135f-48dd-9d0c-930b6c5de35b,Andrée,Menard,22,2025-03-13 10:36:55.426582,2025-03-13 10:36:55.426584
073aeb23-4218-4933-97a8-f2f5eeb40da2,Capucine,Marion,18,2025-03-13 10:36:55.426606,2025-03-13 10:36:55.426607
820b4d63-315c-443a-b3fd-24d12a174b95,Pierre,Devaux,52,2025-03-13 10:36:55.426625,2025-03-13 10:36:55.426626
5bbaff90-e9bb-4713-8eb7-6fe4b2bb9387,Marthe,Pasquier,48,2025-03-13 10:36:55.426646,2025-03-13 10:36:55.426647
b6933a92-3615-4314-9c50-e2559560ad81,Juliette,Da Costa,54,2025-03-13 10:36:55.426664,2025-03-13 10:36:55.426664
0fa869fc-4531-42ea-9967-6bf464a7cee2,Agnès,Tessier,37,2025-03-13 10:36:55.426679,2025-03-13 10:36:55.426679
